Comment Date,Comment
"Sep 13, 2021, 1:30:12 AM",Neel Fulton beeeeeeeeeeeeeeeen
"Sep 13, 2021, 3:45:53 PM",nice
"Oct 17, 2021, 9:41:19 PM",Sizeable
"Oct 18, 2021, 10:07:17 PM",Neel Fulton 
"Oct 24, 2021, 4:30:35 PM",Neel Fulton close enough?
"Oct 25, 2021, 10:04:19 PM",Neel Fulton 
"Oct 28, 2021, 11:15:26 PM",Not giving you a kudo
"Nov 1, 2021, 1:27:02 AM",mileage is mileage
"Nov 1, 2021, 9:40:09 PM",Panorama City moment
"Nov 4, 2021, 9:57:46 PM",Neel Fulton 
"Nov 12, 2021, 12:22:09 AM",Bring back high mileage Sean
"Nov 12, 2021, 1:37:58 AM",Neel Fulton 
"Nov 13, 2021, 9:54:45 PM",Neel Fulton 
"Nov 16, 2021, 2:49:02 PM",Neel Fulton 
"Nov 19, 2021, 11:20:54 PM",huge mileage
"Nov 21, 2021, 3:46:57 PM",5 way tie
"Nov 21, 2021, 3:58:04 PM",August Dolmatch this is definitely an old injury
"Nov 21, 2021, 6:21:25 PM",TemüÖ±Ô∏èo?
"Nov 25, 2021, 3:45:24 PM",F
"Nov 25, 2021, 5:34:05 PM",Did you beat him
"Nov 25, 2021, 6:36:41 PM",Darn
"Nov 27, 2021, 3:17:04 PM",Now meme on over to the train station
"Nov 27, 2021, 3:17:56 PM",pov: you can easily run sub 6
"Nov 28, 2021, 1:44:48 PM",Lauryn McKenna no
"Nov 29, 2021, 12:03:54 AM",What did you do to him
"Nov 29, 2021, 10:55:28 PM",Neel Fulton 
"Dec 1, 2021, 1:22:19 PM",LARGE
"Dec 1, 2021, 10:57:03 PM",True
"Dec 2, 2021, 4:06:47 PM",Why didn't you run on the turf
"Dec 3, 2021, 11:23:03 PM",Norah Czajka Why am I a bean?????
"Dec 4, 2021, 1:41:39 AM",Why am I a bean Nora
"Dec 4, 2021, 3:32:29 AM",Huge
"Dec 5, 2021, 10:51:06 PM",Tough
"Dec 6, 2021, 8:27:34 PM",Sounds like somebody lost 178$ worth of airpods
"Dec 6, 2021, 8:49:59 PM",Oh that's fortunate
"Dec 6, 2021, 11:18:39 PM",Sean Dutton so why am I a bean
"Dec 7, 2021, 3:03:15 AM",Flying on the last four
"Dec 9, 2021, 12:42:17 AM",Fast
"Dec 11, 2021, 7:01:10 PM",üêê
"Dec 11, 2021, 7:07:48 PM",My future CMU lad
"Dec 17, 2021, 8:25:30 AM",Or like the iconic lake around and back route
"Dec 17, 2021, 11:04:16 PM",Fast
"Dec 21, 2021, 2:13:31 AM",Wait how'd you end up in Virginia
"Dec 21, 2021, 8:18:45 PM",Ohio moment
"Dec 22, 2021, 12:50:21 AM",Beenton! this is voluminous!
"Dec 22, 2021, 5:06:59 PM",I got domed on the last rep
"Dec 22, 2021, 11:10:38 PM",It is highly unpleasant for me to walk rn
"Dec 24, 2021, 8:13:41 PM",huge
"Dec 26, 2021, 12:29:12 AM",Profoundly voluminous run you've got there
"Dec 26, 2021, 4:09:48 AM",Exposed momenr
"Dec 26, 2021, 5:42:06 AM",Hello Mr Evans
"Dec 26, 2021, 6:46:46 PM",It's tough out there thankfully I moved out though
"Dec 26, 2021, 8:20:34 PM",First the voluminous run now the voluminous Nelt
"Dec 27, 2021, 4:47:06 AM",highly unfortunate
"Dec 27, 2021, 9:06:34 PM",Should've done a Brunch walk smh
"Dec 28, 2021, 1:58:46 AM",good luck
"Dec 28, 2021, 1:59:10 AM",Big squirrel???
"Dec 28, 2021, 9:27:02 PM",goat
"Dec 29, 2021, 5:44:20 PM",unfortunate
"Dec 29, 2021, 9:38:27 PM",This was justified
"Dec 29, 2021, 9:39:06 PM",Squirrel!!
"Dec 30, 2021, 3:54:38 AM",Huge mileage guy
"Dec 30, 2021, 9:59:14 PM",you're old
"Dec 31, 2021, 10:56:09 PM",Huge
"Jan 1, 2022, 12:33:12 AM",Comeback well underway
"Jan 1, 2022, 1:53:24 AM",smh my head
"Jan 1, 2022, 2:44:50 AM",this hill builds character
"Jan 1, 2022, 2:48:43 AM",Damn I wish my rating was 4.18 
"Jan 1, 2022, 3:24:24 AM",I have no idea
"Jan 3, 2022, 2:54:43 AM",menace
"Jan 3, 2022, 7:41:24 AM",This is simply not how I imagined your name would be spelled
"Jan 3, 2022, 8:50:37 PM",Katryna
"Jan 3, 2022, 9:06:14 PM",quick
"Jan 3, 2022, 9:07:03 PM",love to see it
"Jan 3, 2022, 9:12:40 PM",?
"Jan 4, 2022, 6:07:52 AM",sub 2 when?
"Jan 4, 2022, 7:40:28 PM",It really do be like that sometimes
"Jan 5, 2022, 4:48:30 AM",menace mode activated long ago 
"Jan 7, 2022, 12:47:47 AM",you were spotted
"Jan 8, 2022, 3:43:44 AM",exactly only one bathroom trip this time
"Jan 8, 2022, 9:28:54 PM",You absolute legend
"Jan 9, 2022, 9:09:48 PM",Insane
"Jan 10, 2022, 12:30:30 AM",the return at last
"Jan 10, 2022, 3:52:40 AM",Voluminous
"Jan 10, 2022, 6:58:39 PM",Nationals redemption arc begins here
"Jan 11, 2022, 8:46:05 PM",No Fartlek
"Jan 11, 2022, 11:44:18 PM",rip Tom
"Jan 12, 2022, 11:14:31 PM",Heinus route
"Jan 12, 2022, 11:15:00 PM",Yeah who's Joe?
"Jan 13, 2022, 2:14:20 AM",It was an attempt to not loose track of time
"Jan 13, 2022, 6:06:35 PM",return to running?
"Jan 13, 2022, 8:14:12 PM",Ian Matheson yeah 1k
"Jan 13, 2022, 8:47:05 PM",RETURN TO THE CAR
"Jan 14, 2022, 5:53:24 AM",I truly am sorry
"Jan 14, 2022, 6:06:18 PM",hype
"Jan 14, 2022, 10:44:47 PM",Interesting shape you've run there
"Jan 15, 2022, 1:54:30 AM",I like
"Jan 15, 2022, 4:00:44 AM",It really was
"Jan 15, 2022, 4:03:57 AM",Quick
"Jan 15, 2022, 9:50:46 PM",Harder than 1ks though?
"Jan 15, 2022, 10:16:05 PM",what
"Jan 15, 2022, 10:19:39 PM",what?
"Jan 16, 2022, 12:00:59 AM",first you wake up super late and now a 9 minute activity smh
"Jan 16, 2022, 7:25:11 PM",Eamon Brady some would even call me a miler
"Jan 17, 2022, 2:47:09 AM",zopping
"Jan 17, 2022, 10:51:19 PM",I'm not a bean
"Jan 18, 2022, 2:07:21 AM",Michael OBroin no
"Jan 19, 2022, 1:21:08 PM",wait how'd you end up in new Caledonia
"Jan 19, 2022, 4:24:42 PM",spaghetti
"Jan 19, 2022, 6:08:19 PM",Eh
"Jan 19, 2022, 10:45:11 PM",I agree
"Jan 20, 2022, 4:19:32 AM",68 BLOCK?
"Jan 20, 2022, 4:20:00 AM",üÖ±Ô∏è for vocabulary
"Jan 20, 2022, 4:24:21 AM",wolf?
"Jan 20, 2022, 4:26:59 PM",what the fuck is this?
"Jan 20, 2022, 9:19:41 PM",David Durdaller it's the shins not the snow
"Jan 22, 2022, 3:57:45 AM",excellent run
"Jan 22, 2022, 7:27:44 PM",that makes sense
"Jan 24, 2022, 7:45:46 PM",√üig
"Jan 24, 2022, 11:34:19 PM",involuntary treadmill club
"Jan 24, 2022, 11:46:16 PM",Imagine not considering Curtis one of the gals... smh my head...
"Jan 25, 2022, 2:28:15 AM",I'm just impressed I couldn't make it an hour
"Jan 25, 2022, 3:19:02 AM",Lauryn McKenna I'm not a bean
"Jan 25, 2022, 3:15:25 PM",Gaurav Running Tyagi = GRT
"Jan 25, 2022, 3:15:34 PM",or Gert for short
"Jan 26, 2022, 1:18:21 AM",incredible
"Jan 26, 2022, 1:18:45 AM",the return begins
"Jan 26, 2022, 1:32:42 AM",This run looks familiar
"Jan 28, 2022, 4:39:48 AM","tough, hopefully one day you'll join the club"
"Jan 28, 2022, 2:57:50 PM",a 7 second 400m is unreasonably fast
"Jan 28, 2022, 11:43:21 PM",truly based
"Jan 29, 2022, 2:47:42 PM",excellent start to the season
"Jan 30, 2022, 2:38:43 AM",your season is going to be insane
"Jan 30, 2022, 7:40:37 PM",:\
"Jan 31, 2022, 11:36:27 PM",Neel Fulton 
"Feb 2, 2022, 12:01:58 AM",incredible
"Feb 2, 2022, 4:46:28 AM",This is very quick
"Feb 2, 2022, 4:41:38 PM",Bsnee
"Feb 2, 2022, 8:02:51 PM",ü¶Üü¶Ü
"Feb 2, 2022, 11:17:06 PM",Trader Joe's with the hoes?
"Feb 6, 2022, 12:39:04 AM",I can definitively say that I now hate van horn field
"Feb 6, 2022, 1:40:07 AM",Thanks
"Feb 6, 2022, 8:21:43 PM",hey
"Feb 6, 2022, 10:43:19 PM",Neel Fulton 
"Feb 7, 2022, 4:01:48 PM",f
"Feb 8, 2022, 12:00:11 AM",Michelle Murray we're still looking for a price
"Feb 9, 2022, 1:11:40 PM",precisely
"Feb 10, 2022, 4:50:05 PM",that's probably because you're running loops
"Feb 11, 2022, 1:12:27 AM",Hey Mr campus loops
"Feb 11, 2022, 1:13:04 AM",glad to see you're in a good state
"Feb 11, 2022, 9:34:44 PM",Strode
"Feb 12, 2022, 2:33:42 AM",Thank you bee
"Feb 12, 2022, 7:36:39 PM",Triple knotted
"Feb 13, 2022, 2:38:34 AM",I am posted
"Feb 13, 2022, 4:55:20 PM",Norah Czajka you never invite me to noodle Wednesday smh
"Feb 13, 2022, 4:55:52 PM",ü¶Üü¶Üü¶Ügeese
"Feb 13, 2022, 5:08:04 PM",Missing homie ‚Äî he's not gone we just miss him
"Feb 13, 2022, 6:50:19 PM",no longer missing the homie
"Feb 13, 2022, 6:50:49 PM",do you like the look of sidewalk?
"Feb 14, 2022, 3:31:56 AM",snow is superior to 90+ degrees
"Feb 15, 2022, 1:39:09 PM",This feels like a season finale
"Feb 16, 2022, 2:56:47 AM",Love to see it
"Feb 16, 2022, 1:16:13 PM",love to see it
"Feb 16, 2022, 1:37:07 PM",hmmmmmmmmmmm
"Feb 16, 2022, 9:07:32 PM",Rufl
"Feb 16, 2022, 11:46:57 PM",Katie I swear it's real this time
"Feb 16, 2022, 11:56:42 PM",that's impossible?!? it's 60 degrees out today
"Feb 17, 2022, 1:21:40 AM",4'8 even
"Feb 17, 2022, 3:42:00 AM",this is such a good start to a season
"Feb 17, 2022, 10:48:26 PM",same but with food
"Feb 18, 2022, 1:24:34 AM",my watch is bonked
"Feb 18, 2022, 1:35:01 PM",quick
"Feb 18, 2022, 1:35:19 PM",this is huge
"Feb 18, 2022, 1:35:35 PM",zooming
"Feb 19, 2022, 2:48:50 PM",activity?
"Feb 19, 2022, 6:22:47 PM",trader Joe's (without the hoes)?
"Feb 20, 2022, 12:15:24 AM",the donut was amazing
"Feb 20, 2022, 5:31:41 PM",Neel Fulton 
"Feb 20, 2022, 5:47:52 PM",why are you in Iowa
"Feb 20, 2022, 9:52:57 PM",That makes sense
"Feb 20, 2022, 9:54:47 PM",wait why didn't you go home
"Feb 21, 2022, 6:07:33 PM",Medium tired
"Feb 21, 2022, 11:42:51 PM",You should meet the other feesh
"Feb 22, 2022, 4:06:56 PM",Hype
"Feb 23, 2022, 12:09:19 AM",Michael OBroin that's true
"Feb 23, 2022, 1:09:46 PM",why
"Feb 23, 2022, 6:43:17 PM",oh ok
"Feb 23, 2022, 11:14:59 PM","if wasn't bad, wasn't good was meh"
"Feb 23, 2022, 11:15:17 PM",wow you're so cool Colin McLaughlin 
"Feb 24, 2022, 4:05:48 AM",The return continues
"Feb 24, 2022, 11:38:10 PM",Season 2 begins
"Feb 25, 2022, 10:59:57 PM",zooming
"Feb 26, 2022, 7:45:46 PM","I know, I'm in a bad state"
"Feb 26, 2022, 8:14:38 PM",fish
"Feb 27, 2022, 12:48:25 AM",Connelly + California Conversion = 2:03 
"Feb 27, 2022, 8:43:01 PM",borscht diet is elite Matthew Coyle 
"Feb 27, 2022, 9:04:09 PM",oh no
"Feb 28, 2022, 1:49:52 PM",good job hitting your weekly distance goal Neel
"Feb 28, 2022, 11:32:49 PM",This guy does mileage
"Mar 3, 2022, 3:56:18 AM",bear?
"Mar 3, 2022, 9:54:36 PM",This girl runs
"Mar 3, 2022, 9:55:24 PM",Meh
"Mar 3, 2022, 9:55:49 PM",what why
"Mar 3, 2022, 10:56:35 PM",shenanigans?
"Mar 4, 2022, 12:07:45 AM",David Durdaller oh okay
"Mar 4, 2022, 3:51:50 AM",love to see jt
"Mar 4, 2022, 3:52:30 AM",üêê
"Mar 4, 2022, 3:53:12 AM",nice work
"Mar 4, 2022, 2:07:02 PM",next up sub 10
"Mar 4, 2022, 2:07:47 PM","Called it. Really proud of you, this is a great season opener"
"Mar 5, 2022, 12:22:02 AM",POV: your parents will have covid
"Mar 5, 2022, 1:15:32 PM",add me
"Mar 5, 2022, 9:02:22 PM",Alex Evans hi
"Mar 5, 2022, 9:13:16 PM",Huge
"Mar 5, 2022, 9:21:12 PM",Shiny
"Mar 5, 2022, 9:21:29 PM",Huge mile guy over here
"Mar 5, 2022, 9:22:43 PM",Huge guy
"Mar 5, 2022, 9:32:37 PM",Sixth
"Mar 5, 2022, 9:53:00 PM",third
"Mar 5, 2022, 10:50:20 PM",oh deer
"Mar 6, 2022, 1:59:16 AM",Where was the ref standing???
"Mar 6, 2022, 2:00:52 AM",Huge mileage gal
"Mar 6, 2022, 5:01:15 AM","Alex Gao should've bodied him, it's his fault"
"Mar 7, 2022, 3:18:26 AM",Nice
"Mar 9, 2022, 3:27:37 PM",square
"Mar 10, 2022, 12:55:36 AM",Nice
"Mar 10, 2022, 2:05:01 AM",should've run 4:08 pace. DisKudo.
"Mar 10, 2022, 2:42:50 AM",unfortunate
"Mar 10, 2022, 2:43:05 AM",guess you'll have to execute at the marathon
"Mar 10, 2022, 2:14:13 PM",bring back the memes
"Mar 10, 2022, 4:23:52 PM",He's back
"Mar 10, 2022, 4:24:56 PM",Don't we all Eamon Brady 
"Mar 10, 2022, 4:33:23 PM",quick
"Mar 10, 2022, 9:11:55 PM",or something
"Mar 11, 2022, 7:28:48 PM",Big mileage Sean is back???
"Mar 11, 2022, 7:28:59 PM",wow
"Mar 11, 2022, 8:39:14 PM",Buy the dip Eamon Brady 
"Mar 11, 2022, 8:39:39 PM",Ohio?
"Mar 11, 2022, 9:33:12 PM",wow you're so friendly Katie
"Mar 11, 2022, 9:36:08 PM",Norah Czajka Why am I a bean?!?
"Mar 11, 2022, 9:40:42 PM",Great getting to know you guys
"Mar 12, 2022, 12:28:33 AM",bones go hard
"Mar 12, 2022, 3:39:27 PM",That moment when you wanted to run but coach said you should take two days off
"Mar 13, 2022, 4:24:20 AM",love to see it
"Mar 13, 2022, 4:57:12 AM",huge
"Mar 14, 2022, 12:54:51 AM",let's go
"Mar 15, 2022, 12:06:02 AM",Yonah Goldberg 
"Mar 15, 2022, 12:45:14 AM",I thought you wanted to be tagged?
"Mar 16, 2022, 12:42:07 PM",or something
"Mar 17, 2022, 9:51:24 PM",your hand gestures scare me
"Mar 17, 2022, 9:58:26 PM",hamdog :(
"Mar 17, 2022, 10:02:40 PM",Avery Tompkins now I'm really scared
"Mar 17, 2022, 10:03:02 PM",David Durdaller probably
"Mar 17, 2022, 10:41:26 PM",damn you've had those spikes for almost as long as you've been in college
"Mar 17, 2022, 11:27:24 PM",Hobby jogger
"Mar 18, 2022, 2:10:17 AM",Nice
"Mar 18, 2022, 4:08:58 PM",elevation gain
"Mar 18, 2022, 7:58:36 PM",Mmm
"Mar 18, 2022, 10:50:59 PM",I disapprove of recording races and warm ups in the same Strava post.
"Mar 18, 2022, 10:52:43 PM",Great race!
"Mar 18, 2022, 10:54:09 PM",Why's the race & cooldown one activity though
"Mar 18, 2022, 11:03:49 PM",Timothy Buchan yeah I keep these things in separate uploads
"Mar 18, 2022, 11:08:57 PM",What do you mean you're not in Pennsylvania????
"Mar 19, 2022, 1:29:40 AM",that's what happens after 12 straight years of training!
"Mar 19, 2022, 2:13:11 AM",cracked
"Mar 19, 2022, 2:16:13 AM",Rent free
"Mar 19, 2022, 3:12:11 PM",bone goes hard
"Mar 19, 2022, 5:12:39 PM",Nooooo bitches
"Mar 19, 2022, 5:51:54 PM",good luck nelton
"Mar 19, 2022, 5:52:01 PM",good luck delton
"Mar 19, 2022, 5:52:32 PM",Watch moment
"Mar 19, 2022, 9:04:33 PM",F
"Mar 19, 2022, 9:47:12 PM",great day to be a Jackson
"Mar 20, 2022, 1:29:54 PM",The DMR is so fun
"Mar 20, 2022, 1:30:03 PM",Also sub 4:20 when?
"Mar 20, 2022, 4:32:41 PM",run
"Mar 20, 2022, 6:08:53 PM",how's your updog?
"Mar 20, 2022, 7:41:58 PM",Tremendous
"Mar 20, 2022, 7:42:21 PM",training block goes hard
"Mar 24, 2022, 2:35:07 AM",he makes his return
"Mar 24, 2022, 11:15:22 PM",I appreciate the support Timothy Buchan 
"Mar 25, 2022, 1:50:50 AM",sub 6 when?
"Mar 25, 2022, 4:15:22 PM",that works too
"Mar 26, 2022, 9:39:33 PM",so exciting
"Mar 27, 2022, 12:07:47 AM",Alex Evans really windy
"Mar 27, 2022, 5:01:08 PM",incredible
"Mar 28, 2022, 10:36:53 PM",she's back
"Mar 30, 2022, 8:07:04 PM",nice
"Mar 31, 2022, 12:32:27 AM",oh no
"Apr 1, 2022, 7:13:36 PM",Slippery Rock goes hard
"Apr 2, 2022, 8:29:42 PM",god damn
"Apr 2, 2022, 9:34:49 PM",5 deer!
"Apr 2, 2022, 10:16:30 PM",yo
"Apr 5, 2022, 10:31:02 PM",You looked good
"Apr 5, 2022, 10:31:14 PM",üëèüëèüëè
"Apr 5, 2022, 10:31:45 PM",workout
"Apr 5, 2022, 10:32:40 PM",oh deer
"Apr 9, 2022, 12:07:51 PM",love to see it
"Apr 9, 2022, 9:29:45 PM",cracked
"Apr 9, 2022, 9:30:15 PM",love to see it
"Apr 10, 2022, 6:57:55 PM",Time travel obviously
"Apr 10, 2022, 9:44:55 PM","Reduce, Reuse, Recycle"
"Apr 11, 2022, 10:27:53 PM",comment
"Apr 14, 2022, 12:22:06 AM",love to see it
"Apr 14, 2022, 1:35:56 PM",bro what
"Apr 15, 2022, 1:15:41 PM",:(
"Apr 16, 2022, 3:44:56 AM",cracked
"Apr 16, 2022, 3:55:50 AM",textbook
"Apr 16, 2022, 3:56:50 AM",bricked
"Apr 16, 2022, 9:53:13 PM",Congratulations on becoming the local legend of Northumberland Street Climb Jackson
"Apr 17, 2022, 4:13:26 PM", bro you look like a brick üß±
"Apr 18, 2022, 10:58:49 PM",why
"Apr 19, 2022, 10:07:00 PM",hey
"Apr 19, 2022, 10:31:35 PM",Cora Marcet https://www.strava.com/activities/6937395008
"Apr 19, 2022, 10:32:21 PM",I'm happy with you too Yonah
"Apr 20, 2022, 12:15:34 AM",workout
"Apr 20, 2022, 2:51:10 PM",peaceful nelt
"Apr 21, 2022, 4:36:33 AM",mid D is hard.
"Apr 21, 2022, 11:17:29 PM",bad state
"Apr 21, 2022, 11:21:12 PM",I gave you kudos before you even wrote the description
"Apr 23, 2022, 2:09:40 AM",holly shit Matteo
"Apr 23, 2022, 1:49:13 PM",this is insane
"Apr 23, 2022, 9:33:57 PM",cracked
"Apr 23, 2022, 10:04:46 PM",üß±üëèüëÄ
"Apr 24, 2022, 7:28:31 PM",He wanted to / Knew he could do better
"Apr 24, 2022, 7:28:48 PM",penis
"Apr 24, 2022, 8:23:47 PM",Bang
"Apr 24, 2022, 8:24:23 PM",Hi Matthew I'm Losha
"Apr 24, 2022, 11:59:46 PM",Neel Fulton????
"Apr 25, 2022, 12:01:43 AM",let's go mone bone!
"May 4, 2022, 6:43:21 PM",illegal
"May 4, 2022, 6:43:37 PM",good.
"May 5, 2022, 1:43:08 AM",TemüÖ±Ô∏èo
"May 6, 2022, 5:20:39 PM","yes, I do care that little. no not rock bottom"
"May 15, 2022, 12:19:22 AM",let's go
"May 15, 2022, 4:23:42 PM",pull up
"May 16, 2022, 4:52:16 PM",the track was hilly
"May 18, 2022, 2:05:02 AM",juicy?
"May 19, 2022, 1:48:12 PM",great race
"May 19, 2022, 6:06:05 PM",ur
"May 19, 2022, 6:27:07 PM",hype
"May 19, 2022, 7:51:53 PM",mid distance stock at an all time high
"May 19, 2022, 9:01:55 PM",üêêüêêüêê
"May 19, 2022, 9:55:47 PM",:/
"May 19, 2022, 9:56:23 PM",what a race
"May 19, 2022, 9:57:11 PM",hype
"May 22, 2022, 4:28:52 PM",See you in the fall
"May 24, 2022, 1:55:07 PM",f
"May 25, 2022, 12:13:17 AM",nope
"May 27, 2022, 11:31:20 PM",oh no
"May 31, 2022, 2:41:30 PM",ply
"Jun 4, 2022, 2:58:33 AM",just wait for part 3
"Jun 4, 2022, 10:44:48 AM",Axel Goa 
"Jun 4, 2022, 10:45:09 AM",seems real to me
"Jun 5, 2022, 5:41:00 PM",isn't Rochester actually a farm?
"Jun 5, 2022, 10:39:46 PM",Oh that one was yesterday my bad
"Jun 5, 2022, 10:40:09 PM",no he spawned 13 years ago Eamon Brady 
"Jun 6, 2022, 5:55:28 PM","Diego Diaz yup, run soon?"
"Jun 6, 2022, 5:57:18 PM",the egg
"Jun 7, 2022, 4:17:24 PM",please stop
"Jun 8, 2022, 3:08:23 AM",who's Joe?
"Jun 9, 2022, 5:30:49 AM",Wouldn't you like to know
"Jun 10, 2022, 3:58:57 AM",POV I'm going to be in Reno tomorrow
"Jun 11, 2022, 5:14:02 PM",my goodness :(
"Jun 12, 2022, 7:09:42 PM",I'm sure things will get better
"Jun 14, 2022, 4:18:27 AM",hrmmm
"Jun 15, 2022, 12:18:30 AM",Threesday double when?
"Jun 15, 2022, 6:37:01 PM",lol
"Jun 27, 2022, 8:44:56 PM",who's Gabe?
"Jun 29, 2022, 11:25:10 PM",I'm on the case Leland Davies 
"Jul 1, 2022, 1:56:13 PM",Stir fry Yonah Goldberg 
"Jul 1, 2022, 1:58:19 PM",o7
"Jul 4, 2022, 2:11:59 PM",hmmmmm
"Jul 6, 2022, 12:19:06 PM",Kudos from me
"Jul 7, 2022, 5:09:06 PM",pov: you're feeling bad so you go 2 miles further than my long run 
"Jul 11, 2022, 1:00:00 PM",perhaps
"Jul 11, 2022, 3:06:00 PM",clopen
"Jul 11, 2022, 7:26:20 PM",frick Monday 
"Jul 11, 2022, 9:47:58 PM",don't even think about shellfishing
"Jul 12, 2022, 2:08:33 PM",6
"Jul 12, 2022, 11:00:58 PM",Slowly becoming mono man #2
"Jul 13, 2022, 12:12:11 AM",it's a stupid dog
"Jul 14, 2022, 1:18:44 PM",Actually I'm only 1.6 miles ahead of schedule 
"Jul 14, 2022, 7:56:50 PM",181
"Jul 14, 2022, 8:15:57 PM",what
"Jul 15, 2022, 1:02:11 AM",+squirrel hill+run to campus+drive home 
"Jul 15, 2022, 12:35:33 PM",I'm sure you'll be able to do 5.72 miles at 7:22 pace if you keep training!
"Jul 15, 2022, 9:13:20 PM",damn
"Jul 17, 2022, 12:21:40 AM",rude 
"Jul 17, 2022, 2:23:46 AM",damn
"Jul 18, 2022, 12:49:52 PM",Strava tax
"Jul 18, 2022, 4:30:09 PM",Lunch Rub
"Jul 19, 2022, 12:23:45 PM",my goodness 
"Jul 19, 2022, 3:08:40 PM",Jacob Hsu same.
"Jul 19, 2022, 8:05:08 PM",Connelly is your doctor 
"Jul 21, 2022, 11:42:36 AM",ratio is complete 
"Jul 22, 2022, 11:49:48 AM",permanent resident
"Jul 22, 2022, 11:57:52 AM",üß±
"Jul 22, 2022, 1:04:35 PM",Early Boomer 
"Jul 22, 2022, 3:08:11 PM",man
"Jul 24, 2022, 4:10:25 PM",great job neltoid 
"Jul 24, 2022, 10:13:32 PM",this is crazy 
"Jul 27, 2022, 9:13:33 PM",man
"Jul 30, 2022, 5:54:00 PM",running 
"Aug 1, 2022, 2:40:50 PM",no I just ran to far
"Aug 1, 2022, 7:04:23 PM",far isn't a place üß±
"Aug 3, 2022, 1:55:25 PM",best way to navigate this park is at random 
"Aug 3, 2022, 1:58:55 PM",menace 
"Aug 4, 2022, 12:58:13 PM",who's little Carlos?
"Aug 4, 2022, 10:07:45 PM",wild
"Aug 4, 2022, 11:04:11 PM",bruh
"Aug 5, 2022, 12:05:31 AM",cursed 
"Aug 9, 2022, 1:04:41 PM",watch broken 
"Aug 9, 2022, 1:05:20 PM",that is a breathtaking cow
"Aug 11, 2022, 10:24:22 PM",Computer Vision Work?
"Aug 12, 2022, 7:44:11 PM",crunchy 
"Aug 12, 2022, 9:32:25 PM",Not 7:30
"Aug 13, 2022, 2:52:48 PM",üß±???
"Aug 15, 2022, 2:01:12 PM",bruh
"Aug 15, 2022, 2:01:24 PM",bruh
"Aug 15, 2022, 2:14:23 PM",neltoid
"Aug 16, 2022, 1:16:22 PM",No Beavers?
"Aug 17, 2022, 11:20:46 PM",W
"Aug 17, 2022, 11:21:15 PM",in California=L
"Aug 18, 2022, 3:53:11 PM",NJ < CA
"Aug 18, 2022, 3:56:52 PM",crazy 
"Aug 20, 2022, 3:54:16 PM",skill issue 
"Aug 22, 2022, 2:55:22 PM",he uses Arch btw
"Aug 23, 2022, 1:30:39 PM",Alpha
"Aug 23, 2022, 1:30:50 PM",oops
"Aug 23, 2022, 2:35:02 PM",uh oh sleepy
"Aug 24, 2022, 12:40:15 PM",Gaurav is back! Celebrate with kudos
"Aug 25, 2022, 1:14:45 PM",words of wisdom 
"Aug 26, 2022, 9:46:59 PM",neltoid 
"Aug 30, 2022, 12:25:17 PM",rocket league moment 
"Sep 2, 2022, 11:45:45 AM",me neither 
"Sep 3, 2022, 5:11:39 PM",nope
"Sep 4, 2022, 1:24:25 PM",no
"Sep 9, 2022, 2:04:27 PM",clopen
"Sep 9, 2022, 10:36:29 PM",nope
"Sep 11, 2022, 10:36:43 AM",not if you optimize happiness smh
"Sep 12, 2022, 3:22:21 PM",L
"Sep 12, 2022, 10:44:46 PM",iron neen
"Sep 13, 2022, 5:34:38 PM",Nice
"Sep 14, 2022, 1:34:30 AM",no
"Sep 14, 2022, 1:36:36 AM",okay Bobby 
"Sep 14, 2022, 10:29:29 PM",I've left Ohio üôè
"Sep 16, 2022, 9:49:21 AM",good Joseph Lee 
"Sep 16, 2022, 3:10:35 PM",glad you didn't mention it
"Sep 16, 2022, 9:52:32 PM",yes
"Sep 16, 2022, 11:47:38 PM",not liquid 
"Sep 18, 2022, 1:13:43 PM",ü¶¥
"Sep 18, 2022, 1:14:37 PM",8:14
"Sep 21, 2022, 2:33:20 PM",baylands is a cursed course 
"Sep 21, 2022, 10:58:14 PM",I got you 
"Sep 21, 2022, 10:59:27 PM",repeats?
"Sep 21, 2022, 11:00:08 PM",false
"Sep 22, 2022, 5:26:08 PM",üß±
"Sep 23, 2022, 10:17:27 PM",W
"Sep 24, 2022, 7:39:40 PM",I also wonder why
"Sep 25, 2022, 12:18:22 AM",Lovely run isn't it
"Sep 25, 2022, 12:19:39 AM",stupid route
"Sep 25, 2022, 7:12:23 PM",right angles only
"Sep 26, 2022, 10:05:24 PM",No appendix?
"Sep 29, 2022, 6:03:09 PM",sorry to hear that
"Sep 29, 2022, 9:39:18 PM",did you win?
"Sep 30, 2022, 6:53:07 PM",kudos before description 
"Sep 30, 2022, 6:55:57 PM",no
"Sep 30, 2022, 6:56:28 PM",man
"Sep 30, 2022, 10:11:16 PM",bro just make it a loop
"Oct 4, 2022, 2:32:47 PM",traitor 
"Oct 6, 2022, 2:43:03 PM",nice 
"Oct 8, 2022, 2:40:26 AM",who is Michael 
"Oct 8, 2022, 2:40:52 AM",you literally just ran an 800 smh 
"Oct 9, 2022, 2:28:16 AM",man
"Oct 9, 2022, 2:28:50 AM","no guidance, navigation, and control for you "
"Oct 9, 2022, 2:29:00 AM",bolo
"Oct 10, 2022, 5:18:12 PM",line
"Oct 15, 2022, 6:49:58 PM",man
"Oct 20, 2022, 12:16:23 AM",:(
"Oct 24, 2022, 11:00:37 PM",not that washed
"Nov 9, 2022, 9:02:21 PM",210 is stupid 
"Nov 12, 2022, 1:41:15 PM",man
"Nov 14, 2022, 3:14:14 PM",if felt like November 
"Nov 17, 2022, 11:14:04 PM",course is definitely long
"Nov 19, 2022, 3:48:22 PM",never 
"Nov 24, 2022, 8:44:58 PM","DPRT is crazy hilly dude, they lied "
"Nov 26, 2022, 6:14:34 PM",uh oh
"Nov 26, 2022, 10:49:27 PM",bruh
"Nov 27, 2022, 11:19:32 PM",o7
"Dec 1, 2022, 9:39:44 PM",#woomgives
"Dec 8, 2022, 11:56:15 PM",Column McArchitecture (bet he's heard that a million times before)
"Dec 11, 2022, 7:37:06 PM",man
"Dec 11, 2022, 7:39:06 PM",cracked
"Dec 17, 2022, 3:40:29 AM",bad state
"Dec 19, 2022, 3:22:29 PM",w
"Dec 21, 2022, 3:26:07 AM",man üòû
"Dec 23, 2022, 12:36:05 AM",run?
"Dec 23, 2022, 5:48:36 PM",how
"Dec 26, 2022, 7:38:22 PM",Morning Run
"Dec 26, 2022, 10:10:53 PM",‚ô•Ô∏è
"Dec 27, 2022, 12:03:28 AM",üß±
"Dec 28, 2022, 5:37:17 AM",very easy
"Jan 1, 2023, 11:11:59 PM",mfs were all walking on the left today 
"Jan 3, 2023, 10:21:50 PM",oh so you think you can out run squirrels
"Jan 6, 2023, 7:09:01 PM",too early 
"Jan 7, 2023, 7:13:05 PM",kudos 
"Jan 8, 2023, 5:35:05 PM",climbed a tree or 20
"Jan 8, 2023, 5:37:12 PM",how'd you only get 60 feet of elevation gain
"Jan 8, 2023, 5:37:51 PM",more kudos 
"Jan 10, 2023, 12:30:38 AM",why don't you choose to embrace some squirrels been
"Jan 11, 2023, 1:53:03 AM",damn
"Jan 11, 2023, 7:14:35 PM",pov: hills aren't hilly enough 
"Jan 12, 2023, 4:24:42 AM",4:08 pace üëÄ
"Jan 12, 2023, 7:47:01 PM",correct 
"Jan 13, 2023, 1:47:51 AM",stupid bike
"Jan 17, 2023, 12:29:02 AM",ovals give you strength 
"Jan 20, 2023, 9:42:42 PM",Sunday evening 
"Jan 24, 2023, 1:24:51 PM",no
"Jan 27, 2023, 3:10:46 AM",I can confirm I don't get it
"Jan 29, 2023, 3:52:10 AM",shaking my Ohio
"Jan 30, 2023, 1:33:13 AM",Puddingstone
"Jan 31, 2023, 6:30:08 PM",Not Ivanov pace
"Jan 31, 2023, 6:32:03 PM",how do you have midterms already I haven't even had a test yet
"Jan 31, 2023, 11:53:45 PM",L
"Jan 31, 2023, 11:56:23 PM",glue work goes crazy 
"Feb 1, 2023, 2:34:00 PM",you'd never believe which 400 I lead
"Feb 1, 2023, 2:34:19 PM",led
"Feb 4, 2023, 2:29:49 PM",bagels shmagels
"Feb 4, 2023, 7:35:39 PM",very nice
"Feb 8, 2023, 4:25:23 AM",400th ave
"Feb 11, 2023, 9:48:28 PM","typical afternoon run in Whitewater, Wisconsin "
"Feb 14, 2023, 3:11:39 PM",L
"Feb 18, 2023, 10:23:40 PM",dude was in the Yone Zone
"Feb 19, 2023, 5:58:25 PM",dislike
"Feb 23, 2023, 12:26:35 AM",Big Meaty TSquirrels
"Feb 23, 2023, 1:29:47 PM",Medford type of day 
"Feb 24, 2023, 11:41:05 AM",no it's not 
"Feb 24, 2023, 6:55:26 PM",thank god üôè
"Feb 25, 2023, 12:25:36 AM",Go do your van de graaf generator 
"Feb 27, 2023, 9:06:56 PM",uh oh sleepy
"Feb 28, 2023, 1:06:55 AM",Moana!?! 
"Mar 1, 2023, 12:00:04 AM",peech
"Mar 3, 2023, 2:08:00 PM",I had the displeasure of living there Alex Evans 
"Mar 3, 2023, 2:49:39 PM",bio medical tengineering
"Mar 3, 2023, 4:45:19 PM",dubious workout 
"Mar 4, 2023, 9:13:34 PM",dude finally got the shirt 
"Mar 4, 2023, 9:14:58 PM",let's go
"Mar 5, 2023, 8:31:01 PM",They wave at Curtis because he's a permanent resident 
"Mar 5, 2023, 11:26:54 PM",your route looks like a squirrel 
"Mar 6, 2023, 1:04:19 AM",thanks Neel that's very sweet 
"Mar 10, 2023, 7:30:24 PM",go ahead get a GNC internship 
"Mar 11, 2023, 1:26:06 PM",^
"Mar 19, 2023, 3:23:35 PM",:|
"Mar 19, 2023, 3:28:39 PM",W Yoment
"Apr 18, 2023, 1:15:11 PM",let's go neeeeeeeeeee! 
"Apr 21, 2023, 6:26:34 PM",Levation
"May 4, 2023, 1:53:54 AM",man
"May 5, 2023, 7:04:20 PM",minusvanov
"May 8, 2023, 8:46:42 PM",bonked 
"May 18, 2023, 7:13:02 PM",definitely was the cut
"May 23, 2023, 7:46:43 PM",no
"May 23, 2023, 11:30:47 PM",no
"May 23, 2023, 11:30:59 PM",(I will when I get back to Palo Alto)
"May 28, 2023, 9:49:19 PM",Ora the explora
"May 30, 2023, 3:59:23 AM",no
"Jun 4, 2023, 2:48:22 AM",me when fish
"Jun 9, 2023, 4:13:12 PM",traffic lights went crazy 
"Jun 9, 2023, 4:13:23 PM",also my bike is fucked
"Jun 13, 2023, 10:22:39 PM",Sean Dutton 
"Jun 14, 2023, 8:21:24 PM",nice
"Jun 14, 2023, 8:21:40 PM",crunchy legs
"Jun 21, 2023, 12:19:20 AM",Chicago mfs when they see a hill: üò≥
"Jun 24, 2023, 8:59:29 PM",one of the runs I suppose 
"Jun 29, 2023, 4:28:38 PM",how the turn tables
"Jun 29, 2023, 6:22:49 PM",1:49#?
"Jun 30, 2023, 7:11:28 PM",man. 
"Jul 4, 2023, 12:32:26 AM",new spawn point 
"Jul 4, 2023, 11:14:33 PM",there has to be a better route for you to do
"Jul 5, 2023, 4:09:05 AM",gg
"Jul 7, 2023, 2:24:59 AM",^
"Jul 8, 2023, 4:17:24 PM",accidentally 
"Jul 10, 2023, 10:33:38 PM",fortunately not
"Jul 11, 2023, 11:05:51 PM","only 5,351 calories "
"Jul 12, 2023, 6:46:48 PM",me when my name is Saaketh
"Jul 13, 2023, 4:21:19 PM",I said it was 7:00
"Jul 15, 2023, 5:10:23 PM",most original Strava comment 
"Jul 15, 2023, 5:39:40 PM",classic bay area nature
"Jul 19, 2023, 8:27:40 PM",me when I use open street maps
"Jul 25, 2023, 12:17:38 AM",strides are mileage 
"Aug 2, 2023, 10:52:39 PM","me when I'm ""from Philly"""
"Aug 3, 2023, 2:15:13 PM",this is silly 
"Aug 7, 2023, 1:33:37 AM",cmu invite 
"Aug 17, 2023, 2:34:10 AM",Gao
"Aug 21, 2023, 10:26:25 PM",got so lost I ended up in California 
"Aug 29, 2023, 12:08:17 PM",California man discovers trail that isn't hard packed earth 
"Aug 30, 2023, 9:04:35 PM",a variety of topics 
"Sep 1, 2023, 11:12:17 PM",but has it merged? 
"Sep 4, 2023, 2:13:20 PM",Sean Dutton a classic 
"Sep 10, 2023, 1:19:05 PM",perhaps üêÆ
"Sep 14, 2023, 1:43:40 AM",uh oh sleepy 
"Sep 14, 2023, 10:53:04 PM",bad takes 
"Sep 15, 2023, 1:30:55 AM",Need to go back to Novals
"Sep 18, 2023, 12:54:11 AM",baylands loop? 
"Sep 18, 2023, 12:55:59 AM",still early 
"Sep 18, 2023, 12:57:53 AM",crazy cross over 
"Sep 20, 2023, 1:49:01 AM",üóø
"Sep 22, 2023, 1:30:29 AM",Froot
"Sep 23, 2023, 5:35:51 PM",fit
"Sep 23, 2023, 5:53:17 PM",3:12/mile is crazy 
"Sep 23, 2023, 8:59:08 PM",He did not
"Sep 24, 2023, 11:30:52 PM",didn't make it
"Sep 27, 2023, 1:55:30 AM",171m rest
"Sep 28, 2023, 10:06:28 PM",crystal springs in Maine??? 
"Sep 29, 2023, 9:53:53 PM",uh oh sleepy 
"Oct 1, 2023, 2:45:13 PM",The fog is coming 
"Oct 4, 2023, 12:13:28 AM",Season clopener
"Oct 15, 2023, 3:47:13 PM",shlong run
"Oct 15, 2023, 9:31:36 PM",üß±
"Oct 28, 2023, 11:54:54 PM",erance
"Oct 31, 2023, 2:26:37 PM",not the batteries 
"Nov 21, 2023, 1:42:23 PM",dude will taper for anything 
"Nov 23, 2023, 5:18:39 PM",stroke symptoms? 
"Nov 23, 2023, 9:56:05 PM",gobble gobble gobble üêøÔ∏èüêøÔ∏èüêøÔ∏è
"Nov 25, 2023, 12:36:06 AM",best route in park ridge 
"Nov 25, 2023, 12:36:24 AM",worst route in park ridge 
"Nov 25, 2023, 12:37:22 AM",ü¶õ
"Nov 26, 2023, 7:39:29 PM",menace 
"Dec 6, 2023, 10:38:49 PM",I don't believe you 
"Dec 14, 2023, 7:53:13 PM",yes
"Dec 18, 2023, 6:14:39 PM",Being left in New Jersey is brutal 
"Dec 25, 2023, 8:55:56 PM",Benjamin Huang you can have one for 3.50$
"Dec 26, 2023, 1:04:23 AM",so that you don't melt? 
"Dec 26, 2023, 1:05:11 AM",nyoop
"Jan 3, 2024, 12:35:47 AM",Literally went to check how your workout went today 
"Jan 3, 2024, 1:30:40 AM","Benjamin Huang A ""let fate decide"" because it's my first playthrough man"
"Jan 14, 2024, 7:45:26 PM",David Durdaller on his way to take 4 and a half hours to eat something 
"Jan 14, 2024, 10:10:54 PM",Afternoon Run üòé
"Jan 22, 2024, 5:16:13 PM",unforch ü§ù
"Jan 24, 2024, 10:52:14 PM",WHOLESOME 
"Feb 3, 2024, 12:06:35 AM",Pr[obelisk]=?
"Feb 16, 2024, 11:00:55 PM",unforch ü§ù
"Feb 18, 2024, 6:24:51 PM",Yorning Yun
"Feb 24, 2024, 3:37:46 PM",No idea
"Mar 5, 2024, 6:30:23 PM",man
"Mar 13, 2024, 1:49:47 AM",oh bang 
"Mar 13, 2024, 1:50:58 AM",get fit quick scheme? 
"Mar 16, 2024, 12:05:58 AM",unforch ü§ù
"Mar 17, 2024, 4:46:38 PM",sheesh
"Mar 25, 2024, 1:03:35 AM",oh bang
"Mar 27, 2024, 1:19:27 AM",hate the moist weather 
"Mar 29, 2024, 3:16:02 PM",Yonah meet? 
"Apr 10, 2024, 8:41:38 PM",6+3+2=11
"Apr 10, 2024, 8:41:42 PM",dumbass
"Apr 10, 2024, 11:10:30 PM",Colin McLaughlin Um actually ü§ì
"Apr 28, 2024, 7:09:32 PM",oh bang
"May 3, 2024, 5:55:45 PM",oh bang
"May 11, 2024, 4:24:13 PM",I do not support this taper
"May 13, 2024, 5:35:26 PM",drills are mileage 
"May 24, 2024, 1:51:29 AM",yaaketh
"May 24, 2024, 4:50:04 AM",Jacob Hsu man üòû
"May 30, 2024, 1:46:16 AM",Ohio vibes 
"Jun 7, 2024, 8:14:48 PM",simply pick a route with more elevation to get higher 
"Jun 16, 2024, 7:50:17 PM",what happened? 
"Jun 25, 2024, 3:55:18 AM",afraid of other people spoiling. Proceeds to spoil for everyone else
"Jul 7, 2024, 3:11:49 AM",oh I've got plenty of budget 
"Jul 20, 2024, 5:50:54 PM",New Jersey üòû
"Aug 6, 2024, 2:02:58 PM",what 
"Aug 9, 2024, 3:57:50 AM",oh bang
"Aug 20, 2024, 2:02:21 PM",oh bang
"Aug 27, 2024, 1:07:43 AM",usually inflamed? 
"Sep 7, 2024, 4:57:23 PM",have you tried going to bed earlier 
"Sep 17, 2024, 3:32:37 PM",no
"Oct 3, 2024, 2:31:44 PM",he had it coming 
"Oct 3, 2024, 11:54:27 PM",uhhh
"Oct 7, 2024, 2:02:22 AM",crazy impressive 
"Oct 8, 2024, 12:33:05 PM",justified 
"Oct 14, 2024, 9:53:03 PM",next year's our year
"Oct 16, 2024, 1:16:50 AM",missing the fruit loop? 
"Oct 17, 2024, 10:05:42 PM",what
"Oct 17, 2024, 10:07:45 PM",birm is a bad omen
"Oct 20, 2024, 2:01:02 PM",it's about the culture 
"Oct 24, 2024, 1:44:59 AM",I'm going to rotate you Axel Della Porta 
"Oct 29, 2024, 1:40:41 AM",day 1??? 
"Oct 29, 2024, 10:38:54 PM",impossibly 
"Nov 11, 2024, 11:32:00 PM",Manual Methods 
"Nov 12, 2024, 1:39:51 PM",Old man
"Nov 12, 2024, 11:29:57 PM",no
"Nov 13, 2024, 4:22:39 PM",You should double 
"Nov 14, 2024, 4:30:31 PM",if you were Colin they would have waited 
"Nov 16, 2024, 9:51:53 PM",Oh bang
"Nov 26, 2024, 12:13:23 AM",unlikely to happen 
"Nov 26, 2024, 2:44:28 PM",uh
"Nov 26, 2024, 2:45:10 PM",yaaketh
"Nov 29, 2024, 12:54:36 AM",Saaketh reference 
"Dec 3, 2024, 1:40:15 PM",uh
"Dec 6, 2024, 4:59:04 PM",stupid
"Dec 7, 2024, 7:03:00 PM",ü§î
"Dec 18, 2024, 1:54:47 AM",firstname lastname Firstname Lastname
"Dec 22, 2024, 8:05:20 PM",huh
"Jan 19, 2025, 4:31:33 PM",what
"Jan 19, 2025, 4:31:51 PM",privacy settings 
"Feb 1, 2025, 2:03:37 AM",old man strength 
"Feb 5, 2025, 1:51:46 PM",I didn't choose units 
"Mar 3, 2025, 2:27:53 AM",charlie reference 
"Mar 5, 2025, 1:55:26 AM",oh bang
"Mar 10, 2025, 1:31:06 PM",new gym? 
"Mar 13, 2025, 1:26:29 AM",I agree
"Mar 16, 2025, 7:11:02 PM",same
"Mar 16, 2025, 11:56:51 PM",oh bang
"Mar 29, 2025, 1:27:55 PM","""the pacer"" "
